composer_label,composer_name,title,rating,n_ratings,mxl_rel_path,mxl_abs_path,metadata_rel_path,instrument_names,instrumentation_tags,parts
Bach,Johann Sebastian Bach,J. S. Bach: Little Prelude in C Major BWV 924,4.96,24,15571083/mxl/0/16/QmaDct1x6hnFgV8BFMLGzUKCd7DkNHm96Udwix7AW3pDva.mxl,/Users/victor/JuFo2026/15571083/mxl/0/16/QmaDct1x6hnFgV8BFMLGzUKCd7DkNHm96Udwix7AW3pDva.mxl,./metadata/4/6218623.json,Piano,Solo,1
Bach,J. S. Bach,Bach's chorale harmonisations 241-371 (Breitkopf numbering no text),4.95,20,15571083/mxl/17/35/QmZoWXdZkvuavKpPnFchpZmC6NJZzsfADtE4uzUdH929oU.mxl,/Users/victor/JuFo2026/15571083/mxl/17/35/QmZoWXdZkvuavKpPnFchpZmC6NJZzsfADtE4uzUdH929oU.mxl,./metadata/5/4040211.json,Piano,Solo,1
Bach,J. S. Bach,J. S. Bach - Fugue in C Major BWV 846 WTC 1 (real audio),4.92,22,15571083/mxl/11/27/QmTJYYLf7PaqwbZ4h3tQ4eDnGnX9gG1SBDaKjiixKp2gD2.mxl,/Users/victor/JuFo2026/15571083/mxl/11/27/QmTJYYLf7PaqwbZ4h3tQ4eDnGnX9gG1SBDaKjiixKp2gD2.mxl,./metadata/2/6060970.json,Piano,Solo,1
Bach,Johann Sebastian Bach(1685 - 1750),Prelude No. 2 BWV 847 in C Minor,4.91,9,15571083/mxl/8/31/QmQmxCfft8FrQC5YyRdnucv3SypmxbVBrGDm1WwGwAZeoq.mxl,/Users/victor/JuFo2026/15571083/mxl/8/31/QmQmxCfft8FrQC5YyRdnucv3SypmxbVBrGDm1WwGwAZeoq.mxl,./metadata/8/6113877.json,Piano,Solo,1
Bach,J. S. Bach,Bach's chorale harmonisations 1-120 (Breitkopf numbering no text),4.9,80,15571083/mxl/2/10/QmcAcXxP8kmmTdw8pn8xvHfrb2L5GrCqd5uQ44ETsDXusi.mxl,/Users/victor/JuFo2026/15571083/mxl/2/10/QmcAcXxP8kmmTdw8pn8xvHfrb2L5GrCqd5uQ44ETsDXusi.mxl,./metadata/3/3117011.json,Piano,Solo,1
Bach,Johann Sebastian Bach,Bach Fugue in C-Major (from Toccata Adagio and Fugue in C Major for Organ BWV 564) arr. for piano,4.89,7,15571083/mxl/10/53/QmSXZREKKbbZGL9o7rXGFXub3ZyKFp2ExUaLncjNAdByZX.mxl,/Users/victor/JuFo2026/15571083/mxl/10/53/QmSXZREKKbbZGL9o7rXGFXub3ZyKFp2ExUaLncjNAdByZX.mxl,./metadata/5/4978752.json,Piano,Solo,1
Bach,J. S. Bach,Chorale harmonisations from various vocal works by Bach,4.89,7,15571083/mxl/0/40/QmarstozgAPFGWKQtmATXsmdsBCJ5aytRngSr9harJS2vW.mxl,/Users/victor/JuFo2026/15571083/mxl/0/40/QmarstozgAPFGWKQtmATXsmdsBCJ5aytRngSr9harJS2vW.mxl,./metadata/6/4871322.json,Piano,Solo,1
Bach,J. S. Bach,J. S. Bach - Invention No. 5 in Eb-Major BWV 776 (real audio),4.88,30,15571083/mxl/2/21/QmcgPrR41ikm5Ci6ABVf4r58KCVov3VKepGZTgAnGRCoPD.mxl,/Users/victor/JuFo2026/15571083/mxl/2/21/QmcgPrR41ikm5Ci6ABVf4r58KCVov3VKepGZTgAnGRCoPD.mxl,./metadata/6/5959406.json,Piano,Solo,1
Bach,Johann Sebastian Bach,Bach: Little Prelude in C major BWV 933,4.88,14,15571083/mxl/0/4/Qma58kekAvv9TsecniR4ja9nDEv3GD4os1aDq9r8ZfzvD8.mxl,/Users/victor/JuFo2026/15571083/mxl/0/4/Qma58kekAvv9TsecniR4ja9nDEv3GD4os1aDq9r8ZfzvD8.mxl,./metadata/1/6356226.json,Piano,Solo,1
Bach,Johann Sebastian Bach,Bach Prelude in C-Major (from Toccata Adagio and Fugue in C Major for Organ BWV 564) arr. for piano,4.88,6,15571083/mxl/4/38/QmeqFD5GdewkgSzD8TPnhrwqApfHwqhp54bygLi9A22Wd5.mxl,/Users/victor/JuFo2026/15571083/mxl/4/38/QmeqFD5GdewkgSzD8TPnhrwqApfHwqhp54bygLi9A22Wd5.mxl,./metadata/6/4978754.json,Piano,Solo,1
Bach,Johann Sebastian BachGroßer Bachist,Fantasie und Fuge,4.88,6,15571083/mxl/13/36/QmVpXy2P42TYWQ7zBtWVk7dZmFv8QBmz7dhAaSjjggdAHw.mxl,/Users/victor/JuFo2026/15571083/mxl/13/36/QmVpXy2P42TYWQ7zBtWVk7dZmFv8QBmz7dhAaSjjggdAHw.mxl,./metadata/7/53049.json,Piano,Solo,1
Bach,Bach Johann Sebastian,J.S. Bach Nun freut euch lieben Christen Arrt F. Busoni,4.87,5,15571083/mxl/16/1/QmY2WMwzrxQuDxX7JybHjSaiQH95z2ASWp55srpAa97MWG.mxl,/Users/victor/JuFo2026/15571083/mxl/16/1/QmY2WMwzrxQuDxX7JybHjSaiQH95z2ASWp55srpAa97MWG.mxl,./metadata/1/5981741.json,Piano,Solo,1
Bach,J. S. Bach,Bach's chorale harmonisations 121-240 (Breitkopf numbering no text),4.85,17,15571083/mxl/12/16/QmUDcPN9uYUGpqmLK4Lx1FL6kkNidYPfNwrZJrwb4DhFpT.mxl,/Users/victor/JuFo2026/15571083/mxl/12/16/QmUDcPN9uYUGpqmLK4Lx1FL6kkNidYPfNwrZJrwb4DhFpT.mxl,./metadata/4/3554046.json,Piano,Solo,1
Bach,J.S. Bach,Bach js capriccio bwv 992,4.85,11,15571083/mxl/11/48/QmTvJh1vZRJXz5St8CwcgBRSUvuw84jPyMCksH31x6shJf.mxl,/Users/victor/JuFo2026/15571083/mxl/11/48/QmTvJh1vZRJXz5St8CwcgBRSUvuw84jPyMCksH31x6shJf.mxl,./metadata/4/4150561.json,Piano,Solo,1
Bach,J.S.Bach,J.S. Bach Partita No.3 1. Fantasia BWV 827,4.85,4,15571083/mxl/12/5/QmU69NWXPs3JghtSsoqNjW2YBUS5HJepCEEnb14xZ4B4m6.mxl,/Users/victor/JuFo2026/15571083/mxl/12/5/QmU69NWXPs3JghtSsoqNjW2YBUS5HJepCEEnb14xZ4B4m6.mxl,./metadata/2/5581664.json,Piano,Solo,1
Bach,Johann Sebastian Bach,Minuet in F Major BWV 116 Anh. 113 by JS Bach,4.85,4,15571083/mxl/17/30/QmZLB5s1pGDSPhmWx5Zwkt1APsVUQpbvyEqwvi9WP1xxzF.mxl,/Users/victor/JuFo2026/15571083/mxl/17/30/QmZLB5s1pGDSPhmWx5Zwkt1APsVUQpbvyEqwvi9WP1xxzF.mxl,./metadata/4/5799384.json,Piano,Solo,1
Bach,J. S. Bach,Preludio I J S Bach Czerny,4.84,138,15571083/mxl/13/19/QmVf4NvWmiKAsctGpvYeUEtEV9t92SVTuMuXtswBFYMHr9.mxl,/Users/victor/JuFo2026/15571083/mxl/13/19/QmVf4NvWmiKAsctGpvYeUEtEV9t92SVTuMuXtswBFYMHr9.mxl,./metadata/3/3872551.json,Piano,Solo,1
Bach,Bach Johann Sebastian,J.S. Bach Choralvorspiel Ich ruf' zu dir Herr BWV 639 (Arrt F. Busoni),4.83,69,15571083/mxl/4/23/QmehfxKmagAUes7CGojrhYeWmDZJr89mp6WtJAcZLhHrJi.mxl,/Users/victor/JuFo2026/15571083/mxl/4/23/QmehfxKmagAUes7CGojrhYeWmDZJr89mp6WtJAcZLhHrJi.mxl,./metadata/4/5359578.json,Piano,Solo,1
Bach,J. S. Bach,Bach Violin Concerto in A minor BWV 1041,4.83,15,15571083/mxl/16/9/QmYagSHmxZDVqj8bw47RDNo8GnqrE1SHucUmwQdnuBYcNA.mxl,/Users/victor/JuFo2026/15571083/mxl/16/9/QmYagSHmxZDVqj8bw47RDNo8GnqrE1SHucUmwQdnuBYcNA.mxl,./metadata/1/5942546.json,Piano,Solo,1
Bach,JS BACH,Prelude BWV 1006,4.83,3,15571083/mxl/15/20/QmXF1zqjqvJWwJQX2uJgqKZPzcnB4x5UM8VAEmU2WQtsTY.mxl,/Users/victor/JuFo2026/15571083/mxl/15/20/QmXF1zqjqvJWwJQX2uJgqKZPzcnB4x5UM8VAEmU2WQtsTY.mxl,./metadata/3/1043331.json,Piano,Solo,1
Bach,J.S. Bach,Fuga 1 in C - Dur BWV 846 J.S Bach,4.82,14,15571083/mxl/6/47/QmNUb9naFC7iTu4pG8qErcXarTucy5V6jiGEWqKvjvBHXP.mxl,/Users/victor/JuFo2026/15571083/mxl/6/47/QmNUb9naFC7iTu4pG8qErcXarTucy5V6jiGEWqKvjvBHXP.mxl,./metadata/6/5651470.json,Piano,Solo,1
Bach,J. S. Bach,Bach Fugue in G Minor BWV 542 (Piano solo),4.81,64,15571083/mxl/4/31/QmemwP73tZHAVDyP81DutePDjdXsPWVJr1iFD86THdinmA.mxl,/Users/victor/JuFo2026/15571083/mxl/4/31/QmemwP73tZHAVDyP81DutePDjdXsPWVJr1iFD86THdinmA.mxl,./metadata/3/705011.json,Piano,Solo,1
Bach,Johann Sebastian BachArranged by Carnanya,Brandenburg Concerto No. 3 (Solo Piano Arrangement),4.81,61,15571083/mxl/14/43/QmWS6iQn5AP8dLqcUhfuQL9ngrHrZ9DWxbgQKvE2zSdEZ5.mxl,/Users/victor/JuFo2026/15571083/mxl/14/43/QmWS6iQn5AP8dLqcUhfuQL9ngrHrZ9DWxbgQKvE2zSdEZ5.mxl,./metadata/1/5908638.json,Piano,Solo,1
Bach,J. S. Bach(1685-1750),J. S. Bach - Invention No. 15 in B-minor BWV 786 (real audio),4.81,8,15571083/mxl/10/28/QmSkpv88AXBwfQVSki4Lja1uAi1SiabTExoBT7fJmkVgyd.mxl,/Users/victor/JuFo2026/15571083/mxl/10/28/QmSkpv88AXBwfQVSki4Lja1uAi1SiabTExoBT7fJmkVgyd.mxl,./metadata/3/6262678.json,Piano,Solo,1
Bach,Johann Sebastian Bach,Bach Toccata and Fugue in D Minor (Piano solo),4.8,2238,15571083/mxl/3/0/Qmd1eQ3eecd9ZnMkV1YLLmJtWnLGNNBN3nUXzQkKXwmG2h.mxl,/Users/victor/JuFo2026/15571083/mxl/3/0/Qmd1eQ3eecd9ZnMkV1YLLmJtWnLGNNBN3nUXzQkKXwmG2h.mxl,./metadata/9/5522509.json,Piano,Solo,1
Bach,Johann Sebastian Bach,Fugue in E Minor BWV 914 By Johann Sebastian Bach,4.8,32,15571083/mxl/0/16/QmaDECJnBTDT8H7Zx2Zvw9QJgD7m17qsxxEkRXKKUkvGfT.mxl,/Users/victor/JuFo2026/15571083/mxl/0/16/QmaDECJnBTDT8H7Zx2Zvw9QJgD7m17qsxxEkRXKKUkvGfT.mxl,./metadata/9/2698796.json,Piano,Solo,1
Bach,J. S. Bach,BWV 807: The English Suites II Prelude,4.8,12,15571083/mxl/16/57/QmYZQ4BkXea1hyd1SMUCoaQ4DSeAVzt9JEWQMMvbdKBQG9.mxl,/Users/victor/JuFo2026/15571083/mxl/16/57/QmYZQ4BkXea1hyd1SMUCoaQ4DSeAVzt9JEWQMMvbdKBQG9.mxl,./metadata/8/5165966.json,Piano,Solo,1
Bach,Johann Sebastian Bach,Johann Sebastian Bach - Invention No. 13 in A minor BWV 784 for Piano - BreezePiano,4.79,97,15571083/mxl/12/11/QmUbCP81miGkFzFSk3cTqCXyNV4psQm4UM33sjmc4Twpae.mxl,/Users/victor/JuFo2026/15571083/mxl/12/11/QmUbCP81miGkFzFSk3cTqCXyNV4psQm4UM33sjmc4Twpae.mxl,./metadata/4/5650629.json,Piano (2),Solo,2
Bach,J. S. Bach,J.S. Bach Choralvorspiel ''Nun komm' der Heiden Heiland'' (Arrt F. Busoni),4.77,28,15571083/mxl/14/41/QmWRmbHPfLzyWCuPghYb4XdPDoBGbFRFLMMxHTsfJy92FW.mxl,/Users/victor/JuFo2026/15571083/mxl/14/41/QmWRmbHPfLzyWCuPghYb4XdPDoBGbFRFLMMxHTsfJy92FW.mxl,./metadata/7/5367717.json,Piano,Solo,1
Bach,J. S. BACH.bearbeitet von E. A. Mac Dowell.,Minuets in G Major and G Minor,4.77,6,15571083/mxl/2/50/Qmcw8jEKt8NUmu11gUJTCo3wGeEw5bZNi43d6o25wDhb4d.mxl,/Users/victor/JuFo2026/15571083/mxl/2/50/Qmcw8jEKt8NUmu11gUJTCo3wGeEw5bZNi43d6o25wDhb4d.mxl,./metadata/9/6293498.json,Piano,Solo,1
Bach,Johann-Sebastian BachBearbeitung: Rüdiger Voigt,Ich steh an deiner Krippen hier,4.76,14,15571083/mxl/17/34/QmZN67wShmVnyRMrvhDUkmG3TWof2uxzrntwFVEn4ynkPm.mxl,/Users/victor/JuFo2026/15571083/mxl/17/34/QmZN67wShmVnyRMrvhDUkmG3TWof2uxzrntwFVEn4ynkPm.mxl,./metadata/6/5881538.json,Piano,Solo,1
Chopin,Frédéric Chopin,Frédéric Chopin: Étude in A minor Op.25 No.11 Winter Wind,4.98,50,15571083/mxl/2/21/QmcgjQVzWTS3bA51emSjoVANNB8B6uCZ6mQMA5qG7jbKWD.mxl,/Users/victor/JuFo2026/15571083/mxl/2/21/QmcgjQVzWTS3bA51emSjoVANNB8B6uCZ6mQMA5qG7jbKWD.mxl,./metadata/1/6033733.json,Piano,Solo,1
Chopin,Frédérick Chopin,Chopin Ballad No. 3 (Piano solo),4.98,40,15571083/mxl/3/5/Qmd67WvFZb7WTWP7zGHcQ3mCJLZEUoiMkqMtvPG8LuMN19.mxl,/Users/victor/JuFo2026/15571083/mxl/3/5/Qmd67WvFZb7WTWP7zGHcQ3mCJLZEUoiMkqMtvPG8LuMN19.mxl,./metadata/2/1098976.json,Piano,Solo,1
Chopin,Frédéric Chopin,Frédéric Chopin: Étude in D-flat major Op.25 No.8 Sixths,4.96,24,15571083/mxl/17/19/QmZff9fTcDAENh43naGPWS3mKEXGMWprjpmkvmrmiqU8ED.mxl,/Users/victor/JuFo2026/15571083/mxl/17/19/QmZff9fTcDAENh43naGPWS3mKEXGMWprjpmkvmrmiqU8ED.mxl,./metadata/7/6049668.json,Piano,Solo,1
Chopin,Frédéric Chopin,Frédéric Chopin: Étude in F major Op.10 No.8 Sunshine,4.95,58,15571083/mxl/3/8/Qmd9krjmxX9dD9aR8S4M2gGMghqyBKFyDGzNgmBvSG7zLU.mxl,/Users/victor/JuFo2026/15571083/mxl/3/8/Qmd9krjmxX9dD9aR8S4M2gGMghqyBKFyDGzNgmBvSG7zLU.mxl,./metadata/0/6110403.json,Piano,Solo,1
Chopin,F.Chopin Op.31,Scherzo No.2 (F.Chopin Op.31),4.94,16,15571083/mxl/17/37/QmZPydoNzGhD9TTqqsZ4h4f36eR6z2bcokeNu7pG5hUScE.mxl,/Users/victor/JuFo2026/15571083/mxl/17/37/QmZPydoNzGhD9TTqqsZ4h4f36eR6z2bcokeNu7pG5hUScE.mxl,./metadata/8/3989841.json,Piano,Solo,1
Chopin,Frédéric Chopin,Frédéric Chopin: Prelude in G-sharp minor Op.28 No.12,4.94,15,15571083/mxl/4/1/Qme2p6FB8XxVyrWPk4bcggeTNh7QW28tukHSeJGCZaXyZY.mxl,/Users/victor/JuFo2026/15571083/mxl/4/1/Qme2p6FB8XxVyrWPk4bcggeTNh7QW28tukHSeJGCZaXyZY.mxl,./metadata/0/6272693.json,Piano,Solo,1
Chopin,Frédéric Chopin,Frédéric Chopin: Prelude in B-flat minor Op.28 No.16,4.93,27,15571083/mxl/2/39/QmcQoygH7hjNEjjC1zEwfc6AZm9tAGMrb2wbxLiCphymsP.mxl,/Users/victor/JuFo2026/15571083/mxl/2/39/QmcQoygH7hjNEjjC1zEwfc6AZm9tAGMrb2wbxLiCphymsP.mxl,./metadata/6/6254698.json,Piano,Solo,1
Chopin,Frédéric Chopin,Frédéric Chopin: Étude in F minor Op.25 No.2 The Bees,4.93,12,15571083/mxl/8/9/QmQagsBqLF4aH3h6PqPQyphvusDzyvv6WUffymN5mx8MUE.mxl,/Users/victor/JuFo2026/15571083/mxl/8/9/QmQagsBqLF4aH3h6PqPQyphvusDzyvv6WUffymN5mx8MUE.mxl,./metadata/7/6197074.json,Piano,Solo,1
Chopin,Frédéric François Chopin,Waltz in B minor,4.92,35,15571083/mxl/14/38/QmWqwAqr8yGcvHzHU6tyLhF2YL6551xx84brEx7uYoK4Z7.mxl,/Users/victor/JuFo2026/15571083/mxl/14/38/QmWqwAqr8yGcvHzHU6tyLhF2YL6551xx84brEx7uYoK4Z7.mxl,./metadata/0/1652096.json,Piano,Solo,1
Chopin,Frédéric Chopin,Frédéric Chopin: Prelude in E minor Op.28 No.4,4.92,23,15571083/mxl/0/33/QmanzCS7875c3wuXfewZKx3qARMdn6GvcwJfQ15QGmxQ6n.mxl,/Users/victor/JuFo2026/15571083/mxl/0/33/QmanzCS7875c3wuXfewZKx3qARMdn6GvcwJfQ15QGmxQ6n.mxl,./metadata/1/6261482.json,Piano,Solo,1
Chopin,Frédéric Chopin,Frédéric Chopin - Nocturne n20 (posthume) en Do dièse mineur 'Réminiscence',4.92,11,15571083/mxl/16/36/QmYpFcJ2vAEborj9CqHbuuhdp3KA6KfpaMqaQ9eUep73rF.mxl,/Users/victor/JuFo2026/15571083/mxl/16/36/QmYpFcJ2vAEborj9CqHbuuhdp3KA6KfpaMqaQ9eUep73rF.mxl,./metadata/9/5179302.json,Piano,Solo,1
Chopin,Frédéric Chopin(1810-1849),Douze Études op. 25 (full),4.91,53,15571083/mxl/15/6/QmX7FqRKaQ9rxcr6jHhSxUVnvwCPhssmEKuxRu1rmWsoEw.mxl,/Users/victor/JuFo2026/15571083/mxl/15/6/QmX7FqRKaQ9rxcr6jHhSxUVnvwCPhssmEKuxRu1rmWsoEw.mxl,./metadata/8/5505932.json,Piano,Solo,1
Chopin,F.ChopinOp.55.No.2,Nocturne (F.Chopin Op.55. No.2),4.91,30,15571083/mxl/15/11/QmXbFWcmEEAe6iErN3yVdL21iXXPk6yktQihaoYcjeMW8s.mxl,/Users/victor/JuFo2026/15571083/mxl/15/11/QmXbFWcmEEAe6iErN3yVdL21iXXPk6yktQihaoYcjeMW8s.mxl,./metadata/8/3627886.json,Piano,Solo,1
Chopin,Frédérick Chopin,Chopin Ballade No. 1 (Complete) Piano solo,4.91,20,15571083/mxl/9/48/QmRvks9HDbqarYwbzWSwjUo7M7AsWZgpBik988QLyhGCQ8.mxl,/Users/victor/JuFo2026/15571083/mxl/9/48/QmRvks9HDbqarYwbzWSwjUo7M7AsWZgpBik988QLyhGCQ8.mxl,./metadata/1/2659126.json,Piano,Solo,1
Chopin,Frederic Chopin,Minute Waltz,4.91,9,15571083/mxl/11/26/QmTjD7qrdZCaNYy77zdiBjVy3NKkS1bbyj4LvTyivfZTPW.mxl,/Users/victor/JuFo2026/15571083/mxl/11/26/QmTjD7qrdZCaNYy77zdiBjVy3NKkS1bbyj4LvTyivfZTPW.mxl,./metadata/5/6305063.json,Piano,Solo,1
Chopin,Opus Posth. B.150 - F. F Chopin,Waltz A Minor (W/Live Recording) Opus Posth. B. 150 - F.F. Chopin,4.9,58,15571083/mxl/3/29/QmdKexEC1RtbrJmgpxrcWmFau7mp4q3EqCBHfB7KRVfNH9.mxl,/Users/victor/JuFo2026/15571083/mxl/3/29/QmdKexEC1RtbrJmgpxrcWmFau7mp4q3EqCBHfB7KRVfNH9.mxl,./metadata/8/5551642.json,Piano,Solo,1
Chopin,F.ChopinOp.72.No.1,Nocturne (F.Chopin Op.72. No.1),4.9,8,15571083/mxl/8/21/QmQgh5FieDx21wumrAaDFSzK6vANwpsT8nQkehcXwWuBDB.mxl,/Users/victor/JuFo2026/15571083/mxl/8/21/QmQgh5FieDx21wumrAaDFSzK6vANwpsT8nQkehcXwWuBDB.mxl,./metadata/0/3671966.json,Piano,Solo,1
Chopin,Frédéric François Chopin(1810 1849),Chopin Prélude No. 25 in C Minor Opus 45,4.89,7,15571083/mxl/5/34/QmfNseniSwST8r2CM6MKccHfJ4BB5rEu1MiZdmrP9kh2q2.mxl,/Users/victor/JuFo2026/15571083/mxl/5/34/QmfNseniSwST8r2CM6MKccHfJ4BB5rEu1MiZdmrP9kh2q2.mxl,./metadata/4/5826248.json,Piano,Solo,1
Chopin,Chopin,Chopin - Waltz in A Minor (Piano Solo),4.88,87,15571083/mxl/17/36/QmZpiR4dVBt5Wo6p6r3XWL8pSmzZ6bAUF9xfwDJfNHqBur.mxl,/Users/victor/JuFo2026/15571083/mxl/17/36/QmZpiR4dVBt5Wo6p6r3XWL8pSmzZ6bAUF9xfwDJfNHqBur.mxl,./metadata/9/4991265.json,Piano,Solo,1
Chopin,Frédéric Chopin,Frédéric Chopin: Prelude in F major Op.28 No.23,4.88,6,15571083/mxl/7/47/QmPUyKD5Kmw2KAExu3bqXJCffS3UUaPtU1erBRwJZyaRAT.mxl,/Users/victor/JuFo2026/15571083/mxl/7/47/QmPUyKD5Kmw2KAExu3bqXJCffS3UUaPtU1erBRwJZyaRAT.mxl,./metadata/9/6279915.json,Piano,Solo,1
Chopin,F. Chopin,F. Chopin - Mazurka in D-Flat Major Op. 30: No. 3,4.88,6,15571083/mxl/12/28/QmUkagEb3mJWASbpfehGiouwogp2zz6t6jDRCA3m5qnfdq.mxl,/Users/victor/JuFo2026/15571083/mxl/12/28/QmUkagEb3mJWASbpfehGiouwogp2zz6t6jDRCA3m5qnfdq.mxl,./metadata/2/6203251.json,Piano,Solo,1
Chopin,Frédérick Chopin,Chopin Nocturne in D-Flat Major Op. 27 No. 2,4.87,311,15571083/mxl/15/33/QmXnhQJy7fQLcWkcmFj1kGJtgEZrmCWgc4pHsFrFUd5xb9.mxl,/Users/victor/JuFo2026/15571083/mxl/15/33/QmXnhQJy7fQLcWkcmFj1kGJtgEZrmCWgc4pHsFrFUd5xb9.mxl,./metadata/4/4910730.json,Piano,Solo,1
Chopin,Frédérick Chopin,Chopin Ballade No. 2 (Piano solo),4.87,81,15571083/mxl/4/7/Qme88a7Fvz73EWc6i6ba61XjfTNxj1cJPeZBRsh1EGqVrC.mxl,/Users/victor/JuFo2026/15571083/mxl/4/7/Qme88a7Fvz73EWc6i6ba61XjfTNxj1cJPeZBRsh1EGqVrC.mxl,./metadata/3/1115241.json,Piano,Solo,1
Chopin,F. Chopin(1810 - 1849),F. Chopin - Marche funèbre in C Minor Op. 72,4.87,13,15571083/mxl/16/5/QmY6mqCKaHEkaxGNsPYpUTmNATKcGFjvN8zVjmmAd5oVZo.mxl,/Users/victor/JuFo2026/15571083/mxl/16/5/QmY6mqCKaHEkaxGNsPYpUTmNATKcGFjvN8zVjmmAd5oVZo.mxl,./metadata/8/6346491.json,Piano,Solo,1
Chopin,Frédéric Chopin,Frédéric Chopin: Prelude in C minor Op.28 No.20,4.87,5,15571083/mxl/2/13/QmccyTuSVcX3X4QAgMqXVEhXdkGEfEebqXMQpFXYFxqqKk.mxl,/Users/victor/JuFo2026/15571083/mxl/2/13/QmccyTuSVcX3X4QAgMqXVEhXdkGEfEebqXMQpFXYFxqqKk.mxl,./metadata/6/6279391.json,Piano,Solo,1
Chopin,F. Chopin,12 ÉTUDES OP 10 NO 4,4.87,5,15571083/mxl/3/37/QmdPjReRn2xf8pU9pyEGDf2k3VqmV7jaQEDAxo2E5rAzKD.mxl,/Users/victor/JuFo2026/15571083/mxl/3/37/QmdPjReRn2xf8pU9pyEGDf2k3VqmV7jaQEDAxo2E5rAzKD.mxl,./metadata/3/4568191.json,Piano,Solo,1
Chopin,Frederic Chopin,Etude Op.10 No.11 in e major Arpeggio Chopin,4.87,5,15571083/mxl/0/49/QmaV5rqBXD2utFkc2XYtmscsoqxwcdCwQgwxzwrCDjJWxR.mxl,/Users/victor/JuFo2026/15571083/mxl/0/49/QmaV5rqBXD2utFkc2XYtmscsoqxwcdCwQgwxzwrCDjJWxR.mxl,./metadata/2/5756873.json,Piano,Solo,1
Chopin,Frédérick Chopin,Chopin Ballade No. 4 (Piano solo),4.86,246,15571083/mxl/12/28/QmUkCd5kX3tLNtrCNzmMgNSLJ7GGFsjfGbMBsNgq7612ox.mxl,/Users/victor/JuFo2026/15571083/mxl/12/28/QmUkCd5kX3tLNtrCNzmMgNSLJ7GGFsjfGbMBsNgq7612ox.mxl,./metadata/7/970761.json,Piano,Solo,1
Chopin,Frédéric Chopin,Frédéric Chopin: Fantaisie-impromptu in C-sharp minor Op.66,4.86,56,15571083/mxl/17/13/QmZcUwdJEKU3DXk6fWYRkzTJ1UCC3JUxpgHymdEa2bYtpW.mxl,/Users/victor/JuFo2026/15571083/mxl/17/13/QmZcUwdJEKU3DXk6fWYRkzTJ1UCC3JUxpgHymdEa2bYtpW.mxl,./metadata/2/6219891.json,Piano,Solo,1
Chopin,Frederick Chopin,Grande Valse Brillante Op. 18 Analysis,4.86,41,15571083/mxl/9/8/QmR9uamCGLTop6GLTVCsVF9Cp3CNkC4G3HbTVrbWn5YB1S.mxl,/Users/victor/JuFo2026/15571083/mxl/9/8/QmR9uamCGLTop6GLTVCsVF9Cp3CNkC4G3HbTVrbWn5YB1S.mxl,./metadata/6/5833250.json,Piano,Solo,1
Chopin,Frédéric Chopin,Frédéric Chopin - Waltz in A minor B. 150,4.86,33,15571083/mxl/8/11/QmQb1RdU1FtmmYHbXdfU7YEY8a9nvkJcdBJGRTrSokCCq9.mxl,/Users/victor/JuFo2026/15571083/mxl/8/11/QmQb1RdU1FtmmYHbXdfU7YEY8a9nvkJcdBJGRTrSokCCq9.mxl,./metadata/4/6237086.json,Piano,Solo,1
Debussy,Claude Debussy,Debussy - Préludes - Book I - VI,4.96,22,15571083/mxl/10/1/QmS2kfB8xQJurJy5PjCYMPqjiFvVyRpGTyxGC4LyZuLdoM.mxl,/Users/victor/JuFo2026/15571083/mxl/10/1/QmS2kfB8xQJurJy5PjCYMPqjiFvVyRpGTyxGC4LyZuLdoM.mxl,./metadata/8/86941.json,Piano,Solo,1
Debussy,Claude Debussy,Claude Debussy Pour le Piano II Sarabande,4.95,17,15571083/mxl/12/28/QmUk3ahyVbCMrrQhCuvXBW7bGCHkZd3LAdM7HKkVeAVE6P.mxl,/Users/victor/JuFo2026/15571083/mxl/12/28/QmUk3ahyVbCMrrQhCuvXBW7bGCHkZd3LAdM7HKkVeAVE6P.mxl,./metadata/7/6168143.json,Piano,Solo,1
Debussy,Claude Debussy,Les collines d'Anacapri,4.94,16,15571083/mxl/15/22/QmXGnsc1wBSmh4nC2AWPKRCJ5DQsH7tgbz6HoWbBRu4Mxt.mxl,/Users/victor/JuFo2026/15571083/mxl/15/22/QmXGnsc1wBSmh4nC2AWPKRCJ5DQsH7tgbz6HoWbBRu4Mxt.mxl,./metadata/5/6078729.json,Piano,Solo,1
Debussy,Claude Debussy(1862-1918),Debussy Prelude Book 2 No 2 Feuilles mortes,4.94,14,15571083/mxl/2/45/QmcTQtgK7WDjQGQX8bDyUvbYvEwH6nZcKbxUKhCbnghsLM.mxl,/Users/victor/JuFo2026/15571083/mxl/2/45/QmcTQtgK7WDjQGQX8bDyUvbYvEwH6nZcKbxUKhCbnghsLM.mxl,./metadata/5/6195188.json,Piano,Solo,1
Debussy,Claude Debussy,Bruyères,4.92,10,15571083/mxl/14/5/QmW6E34TPPP8eBgcNGvZ55Q4VxMnEpN1MtVB3AVLJFeVaF.mxl,/Users/victor/JuFo2026/15571083/mxl/14/5/QmW6E34TPPP8eBgcNGvZ55Q4VxMnEpN1MtVB3AVLJFeVaF.mxl,./metadata/4/6019268.json,Piano,Solo,1
Debussy,Claude Debussy(1862-1918),Debussy Prelude Book 2 No 6 General Lavine - excentric,4.92,10,15571083/mxl/5/20/QmfFqKsSzZEXqmYrXP94cbqrfeDX5DN55NDmwBPX4yJvDD.mxl,/Users/victor/JuFo2026/15571083/mxl/5/20/QmfFqKsSzZEXqmYrXP94cbqrfeDX5DN55NDmwBPX4yJvDD.mxl,./metadata/1/6186267.json,Piano,Solo,1
Debussy,Claude Debussy(1862-1918),Debussy Prelude Book 2 No 4 Les fees sont d'exquises danseuses,4.91,9,15571083/mxl/11/50/QmTw41w2mm8cqvn8Vz3GtnnQt1ozHDBc4c9ZbNcwSceHiH.mxl,/Users/victor/JuFo2026/15571083/mxl/11/50/QmTw41w2mm8cqvn8Vz3GtnnQt1ozHDBc4c9ZbNcwSceHiH.mxl,./metadata/3/6189705.json,Piano,Solo,1
Debussy,Claude Debussy (1862-1918),Deux arabesques,4.89,34,15571083/mxl/12/10/QmUAYMoNgNjpMXHGPeze3PJUxVMUG3EAWbnn6XQXnb9ufp.mxl,/Users/victor/JuFo2026/15571083/mxl/12/10/QmUAYMoNgNjpMXHGPeze3PJUxVMUG3EAWbnn6XQXnb9ufp.mxl,./metadata/6/4242556.json,Piano,Solo,1
Debussy,Claude Debussy(1862-1918),Debussy Prelude Book 2 No 12 Feux d'artifice,4.89,26,15571083/mxl/13/57/QmVZUovZ2Qvbq6xCyiwHzfBtDnzktYSyaW9GJJrPmENPCD.mxl,/Users/victor/JuFo2026/15571083/mxl/13/57/QmVZUovZ2Qvbq6xCyiwHzfBtDnzktYSyaW9GJJrPmENPCD.mxl,./metadata/6/6177740.json,Piano,Solo,1
Debussy,Claude Debussy(1862-1918),Debussy Prelude Book 2 No 1 Brouillards,4.89,16,15571083/mxl/4/51/QmeWKxe5hUXi11SVhqpTZfPhhAJxciDNuwJsciiUk7abYb.mxl,/Users/victor/JuFo2026/15571083/mxl/4/51/QmeWKxe5hUXi11SVhqpTZfPhhAJxciDNuwJsciiUk7abYb.mxl,./metadata/6/6197179.json,Piano,Solo,1
Debussy,Claude Debussy(1862-1918),Petite suite (C.Debussy),4.88,40,15571083/mxl/2/26/QmcjeEgVcoWu1P6Dq2VqJJc948XeS3Efk66QLZKeRZuqkY.mxl,/Users/victor/JuFo2026/15571083/mxl/2/26/QmcjeEgVcoWu1P6Dq2VqJJc948XeS3Efk66QLZKeRZuqkY.mxl,./metadata/6/5260998.json,Piano (2),Piano Duo,2
Debussy,Claude Debussy(1862-1918),Debussy Prelude Book 2 No 7 La terrasse des audiences du clair de lune,4.88,14,15571083/mxl/17/16/QmZDmit9FD5jWx5LbDq8jcY17ArDZRQJLqKrgb733RfQvy.mxl,/Users/victor/JuFo2026/15571083/mxl/17/16/QmZDmit9FD5jWx5LbDq8jcY17ArDZRQJLqKrgb733RfQvy.mxl,./metadata/0/6184900.json,Piano,Solo,1
Debussy,Claude Debussy(1862-1918),Debussy Prelude Bk 1 No 3 Le Vent dans la plaine,4.88,6,15571083/mxl/0/15/Qmadte65iwPsoF6r2FA6xhZJxCKv6gRaJii7FeXFHEM65H.mxl,/Users/victor/JuFo2026/15571083/mxl/0/15/Qmadte65iwPsoF6r2FA6xhZJxCKv6gRaJii7FeXFHEM65H.mxl,./metadata/4/6170327.json,Piano,Solo,1
Debussy,Claude Debussy(1862-1918),Debussy Prelude Book 2 No 9 Hommage a S. Pickwick Esq. P. P. M. P. C,4.88,6,15571083/mxl/6/30/QmNLuPGuwutRoDQLhW4hNpBkhowszHBsYbLhf8SzaZFL4G.mxl,/Users/victor/JuFo2026/15571083/mxl/6/30/QmNLuPGuwutRoDQLhW4hNpBkhowszHBsYbLhf8SzaZFL4G.mxl,./metadata/8/6182418.json,Piano,Solo,1
Debussy,Claude DebussyL. 66 No. 1,Debussy Première Arabesque L. 66 No. 1,4.87,454,15571083/mxl/10/25/QmSiufNxXsLotuQDJMEjTj3AbLr5H4K3mfB4LbjeB6UwTm.mxl,/Users/victor/JuFo2026/15571083/mxl/10/25/QmSiufNxXsLotuQDJMEjTj3AbLr5H4K3mfB4LbjeB6UwTm.mxl,./metadata/7/5077352.json,Piano,Solo,1
Debussy,Claude Debussy,Debussy - La fille aux cheveux de lin,4.86,288,15571083/mxl/15/25/QmXiANoF15wqxY1T8hka5xUpgtC7ZNWWHciJ5qJe9mEgXf.mxl,/Users/victor/JuFo2026/15571083/mxl/15/25/QmXiANoF15wqxY1T8hka5xUpgtC7ZNWWHciJ5qJe9mEgXf.mxl,./metadata/7/5125937.json,Piano,Solo,1
Debussy,Claude Debussy,Valse romantique Claude Debussy,4.86,53,15571083/mxl/0/50/QmawJ7uHzgwB6RUqi63x81eeuUeGvwppDdRDxJSmVEhW1F.mxl,/Users/victor/JuFo2026/15571083/mxl/0/50/QmawJ7uHzgwB6RUqi63x81eeuUeGvwppDdRDxJSmVEhW1F.mxl,./metadata/6/5696215.json,Piano,Solo,1
Debussy,Claude Debussy,Debussy Claude - La plus que lente,4.85,84,15571083/mxl/1/55/QmbYCixEYiqqLRZmHY18yk2pitQ4oMjzLmuLGN8EMFPRAx.mxl,/Users/victor/JuFo2026/15571083/mxl/1/55/QmbYCixEYiqqLRZmHY18yk2pitQ4oMjzLmuLGN8EMFPRAx.mxl,./metadata/9/5663924.json,Piano,Solo,1
Debussy,Claude-Achille Debussy,IV. Passepied,4.84,22,15571083/mxl/1/14/QmbCqeJ9LcEBfVWtEGHMz8KS96dzXCCCAZWSdYRdEuD7qP.mxl,/Users/victor/JuFo2026/15571083/mxl/1/14/QmbCqeJ9LcEBfVWtEGHMz8KS96dzXCCCAZWSdYRdEuD7qP.mxl,./metadata/9/1468996.json,Piano,Solo,1
Debussy,Claude Debussy,Children's Corner - Doctor Gradus ad Parnassum,4.83,182,15571083/mxl/1/42/Qmbs6AsQ1EcraYkW8kJK6RxdrYGU2R1qA4iCV87Lg32MDD.mxl,/Users/victor/JuFo2026/15571083/mxl/1/42/Qmbs6AsQ1EcraYkW8kJK6RxdrYGU2R1qA4iCV87Lg32MDD.mxl,./metadata/1/29514.json,Piano,Solo,1
Debussy,Claude Debussy,C. Debussy Pour remercier la pluie au matin 6 épigraphes antiques 6,4.83,3,15571083/mxl/17/44/QmZtBw4yJTosH6YfKkyWAf9RFTPXac6esriXSP73xCoTCj.mxl,/Users/victor/JuFo2026/15571083/mxl/17/44/QmZtBw4yJTosH6YfKkyWAf9RFTPXac6esriXSP73xCoTCj.mxl,./metadata/5/5948357.json,Piano (2),Solo,2
Debussy,Claude Debussy,Children's Corner - The Little Shepherd,4.82,25,15571083/mxl/11/35/QmTobBbb6pruvSbYGAGkq5mA735jihqP5kBsGZ95zMs1D3.mxl,/Users/victor/JuFo2026/15571083/mxl/11/35/QmTobBbb6pruvSbYGAGkq5mA735jihqP5kBsGZ95zMs1D3.mxl,./metadata/2/29517.json,Piano,Solo,1
Debussy,Claude-Achille Debussy,Debussy - Suite Bergamasque - III. Clair de Lune,4.8,17,15571083/mxl/10/27/QmSJeDjtEuw3PjP17fheDNXGojcQ76HmntyE2T84D5zJYY.mxl,/Users/victor/JuFo2026/15571083/mxl/10/27/QmSJeDjtEuw3PjP17fheDNXGojcQ76HmntyE2T84D5zJYY.mxl,./metadata/8/4794868.json,Piano,Solo,1
Debussy,Claude-Achille Debussy,Debussy - Suite Bergamasque - I. Prelude,4.79,40,15571083/mxl/17/54/QmZy4ZR3YFGv5wffKZpBZCTwDQimjsc3NUUpVJytYbMLEy.mxl,/Users/victor/JuFo2026/15571083/mxl/17/54/QmZy4ZR3YFGv5wffKZpBZCTwDQimjsc3NUUpVJytYbMLEy.mxl,./metadata/6/4794865.json,Piano,Solo,1
Debussy,claude debussyarr. jahnavi arun,clair de lune beginner version,4.78,67,15571083/mxl/8/52/QmQxJ4tsA3Xdsym1ZgNNRkGpiX8cT5yaKnPVMfFVvDDsMo.mxl,/Users/victor/JuFo2026/15571083/mxl/8/52/QmQxJ4tsA3Xdsym1ZgNNRkGpiX8cT5yaKnPVMfFVvDDsMo.mxl,./metadata/3/5921846.json,Piano,Solo,1
Debussy,Claude Debussy,Debussy - Préludes - Book I - I,4.78,15,15571083/mxl/7/55/QmPYQ9LpBn5ummY8UPVcMm4TriJDuqogjPT66UB1UTLbSm.mxl,/Users/victor/JuFo2026/15571083/mxl/7/55/QmPYQ9LpBn5ummY8UPVcMm4TriJDuqogjPT66UB1UTLbSm.mxl,./metadata/2/101607.json,Piano,Solo,1
Debussy,Claude Debussy,Claude Debussy: La cathédrale engloutie (The Submerged Cathedral),4.75,72,15571083/mxl/0/46/Qmaug5pXs59BJq1VTdXhrKAU3DHxRqusrDgXraMS6xDtYk.mxl,/Users/victor/JuFo2026/15571083/mxl/0/46/Qmaug5pXs59BJq1VTdXhrKAU3DHxRqusrDgXraMS6xDtYk.mxl,./metadata/4/6305197.json,Piano,Solo,1
Debussy,Claude Debussy,Le petit négre,4.74,5,15571083/mxl/8/5/QmQ69pQ8vazfN2JxhjU93N7PhHGGJnG6FYQfCJ1A8462nQ.mxl,/Users/victor/JuFo2026/15571083/mxl/8/5/QmQ69pQ8vazfN2JxhjU93N7PhHGGJnG6FYQfCJ1A8462nQ.mxl,./metadata/8/94830.json,Piano,Solo,1
Debussy,Claude Debussy,Children's Corner - Jimbo's Lullaby,4.7,14,15571083/mxl/15/54/QmXyiyQ9XGzMjmE4XWK5qJXdQeDsrsGi9gfLNAcbcFaoyK.mxl,/Users/victor/JuFo2026/15571083/mxl/15/54/QmXyiyQ9XGzMjmE4XWK5qJXdQeDsrsGi9gfLNAcbcFaoyK.mxl,./metadata/5/29546.json,Piano,Solo,1
Debussy,Claude-Achille Debussy,Debussy - Suite Bergamasque - II. Menuet,4.66,12,15571083/mxl/9/31/QmRmtC2jScfFwM1wA6Ec2qZaW154XWedsPocpFjAURubTG.mxl,/Users/victor/JuFo2026/15571083/mxl/9/31/QmRmtC2jScfFwM1wA6Ec2qZaW154XWedsPocpFjAURubTG.mxl,./metadata/7/4794867.json,Piano,Solo,1
Debussy,Claude Debussy,Mouvement (Images Nr. III) C. Debussy,4.24,5,15571083/mxl/9/45/QmRTQoLVCx52KdCkNzy52M1LXrYhfp9W3uPYFSPhrJAnnR.mxl,/Users/victor/JuFo2026/15571083/mxl/9/45/QmRTQoLVCx52KdCkNzy52M1LXrYhfp9W3uPYFSPhrJAnnR.mxl,./metadata/9/5835723.json,Piano,Solo,1
Mozart,Wolfgang Amadeus Mozart,Mozart Piano Concerto No. 21 K467 2nd Mvmt (Arr. for 2 pianos),4.9,27,15571083/mxl/7/10/QmPAiAnfCj6XrH3ofvRLy5yjCQbidz8WoCAb738C2v2NtQ.mxl,/Users/victor/JuFo2026/15571083/mxl/7/10/QmPAiAnfCj6XrH3ofvRLy5yjCQbidz8WoCAb738C2v2NtQ.mxl,./metadata/1/3667186.json,Piano (2),Piano Duo,2
Mozart,Wolfgang Amadeus Mozart(17561791),Sonata No. 16 K 545 3rd Movement,4.9,8,15571083/mxl/7/9/QmPaDt5oro5S5MxK47tRyuppCxwhyyTfe5568yRv4494KE.mxl,/Users/victor/JuFo2026/15571083/mxl/7/9/QmPaDt5oro5S5MxK47tRyuppCxwhyyTfe5568yRv4494KE.mxl,./metadata/1/6137406.json,Piano,Solo,1
Mozart,W. A. MozartKV 576,Mozart - Piano Sonata No. 18 in D: Allegretto,4.9,8,15571083/mxl/4/24/QmeHuDfTaHhXPjjr6F5cyx96o8icjuvQT8uLpFbhoC6iEQ.mxl,/Users/victor/JuFo2026/15571083/mxl/4/24/QmeHuDfTaHhXPjjr6F5cyx96o8icjuvQT8uLpFbhoC6iEQ.mxl,./metadata/8/5911457.json,Piano,Solo,1
Mozart,Mozart,Mozart flute concerto no.1 in G major kv131,4.89,7,15571083/mxl/3/55/QmdYMGrqTuCzem1GiqBkcxscbRqUePf8WJGpS714LzS7MW.mxl,/Users/victor/JuFo2026/15571083/mxl/3/55/QmdYMGrqTuCzem1GiqBkcxscbRqUePf8WJGpS714LzS7MW.mxl,./metadata/4/5797615.json,Piano,Solo,1
Mozart,W. A. MozartKV 576,Mozart - Piano Sonata No. 18 in D: Adagio,4.89,7,15571083/mxl/11/38/QmTqnWEgQtgEymkGoSgMwHBLxNuXbBwg2EdMUzYDE9jYwY.mxl,/Users/victor/JuFo2026/15571083/mxl/11/38/QmTqnWEgQtgEymkGoSgMwHBLxNuXbBwg2EdMUzYDE9jYwY.mxl,./metadata/7/5911448.json,Piano,Solo,1
Mozart,Wolfgang Amadeus Mozart,Komm lieber Mai,4.88,6,15571083/mxl/2/9/QmcanpWgvkPVJLshBC2JFT9byViifisDyi158smUGQogHX.mxl,/Users/victor/JuFo2026/15571083/mxl/2/9/QmcanpWgvkPVJLshBC2JFT9byViifisDyi158smUGQogHX.mxl,./metadata/7/54670.json,Piano,Solo,1
Mozart,W. A. Mozart,Andante,4.88,6,15571083/mxl/3/50/QmdwwENhYbjxxk4X7DjnVfwCDkfT8FJ6TC4yZtaomd3cZi.mxl,/Users/victor/JuFo2026/15571083/mxl/3/50/QmdwwENhYbjxxk4X7DjnVfwCDkfT8FJ6TC4yZtaomd3cZi.mxl,./metadata/4/5335663.json,Piano,Solo,1
Mozart,W A Mozart,Polonaise W.A. Mozart,4.85,11,15571083/mxl/4/3/Qme4on6zA599C2geDNg188XL745QLUyLZNQWuYNYvqVJn5.mxl,/Users/victor/JuFo2026/15571083/mxl/4/3/Qme4on6zA599C2geDNg188XL745QLUyLZNQWuYNYvqVJn5.mxl,./metadata/5/1226626.json,Piano,Solo,1
Mozart,W. A. Mozart,W. A. Mozart Minuet in F Major K5.,4.84,16,15571083/mxl/12/19/QmUfTS6K5Js8oBzGHXSD3f8QqxKq2q7yJH5zxG5FzhiHEe.mxl,/Users/victor/JuFo2026/15571083/mxl/12/19/QmUfTS6K5Js8oBzGHXSD3f8QqxKq2q7yJH5zxG5FzhiHEe.mxl,./metadata/0/5931431.json,Piano,Solo,1
Mozart,Wolfgang Amadeus Mozart (1756 - 1791),Wolfgang Amadeus Mozart - Morgen kommt der Weihnachtsmann,4.83,9,15571083/mxl/3/40/QmdrhvsqisvZxSr1wEKJqZpYZYs1JpopTHz1Wp5WLoJ6BS.mxl,/Users/victor/JuFo2026/15571083/mxl/3/40/QmdrhvsqisvZxSr1wEKJqZpYZYs1JpopTHz1Wp5WLoJ6BS.mxl,./metadata/5/82957.json,Piano,Solo,1
Mozart,W.A. Mozart,Thème du 1er mouvement de la sonate K.331,4.83,9,15571083/mxl/4/42/QmeswnMFsq7kKrfJU2KHcucQ55D1psa3djU7BiYUptXPPR.mxl,/Users/victor/JuFo2026/15571083/mxl/4/42/QmeswnMFsq7kKrfJU2KHcucQ55D1psa3djU7BiYUptXPPR.mxl,./metadata/4/5744456.json,Piano,Solo,1
Mozart,W.A. Mozart,W.A. Mozart - Contredanse in A K. 15l,4.83,3,15571083/mxl/1/2/Qmb3nWh89rZ5qR7paUjp7MEF6Z4CL65Vchtm7k3S2EYr6G.mxl,/Users/victor/JuFo2026/15571083/mxl/1/2/Qmb3nWh89rZ5qR7paUjp7MEF6Z4CL65Vchtm7k3S2EYr6G.mxl,./metadata/8/6219486.json,Piano,Solo,1
Mozart,W.A. Mozart,W.A. Mozart - Rondo in F K. 15hh,4.83,3,15571083/mxl/2/31/QmcmB7Rvh3DyQJ63EmKEnjxqUzC8toMRd3zk6CrT6mkJyB.mxl,/Users/victor/JuFo2026/15571083/mxl/2/31/QmcmB7Rvh3DyQJ63EmKEnjxqUzC8toMRd3zk6CrT6mkJyB.mxl,./metadata/0/6238350.json,Piano,Solo,1
Mozart,Wolfgang Amadeus Mozart,Wolfgang Amadeus Mozart - Komm lieber Mai,4.83,3,15571083/mxl/7/52/QmPxLJ7CnzLzmnumP9FTcybCHjESQSSgKefE9pjVTzup6W.mxl,/Users/victor/JuFo2026/15571083/mxl/7/52/QmPxLJ7CnzLzmnumP9FTcybCHjESQSSgKefE9pjVTzup6W.mxl,./metadata/7/4654860.json,Piano (2),Piano Duo,2
Mozart,W.A. Mozart,Sonate in C KV 330-1.Allegro moderato,4.83,3,15571083/mxl/7/42/QmPsb5NL3M1BRGhViY3B6G5kVxEFZQCjH55fKqWdB7Zhr8.mxl,/Users/victor/JuFo2026/15571083/mxl/7/42/QmPsb5NL3M1BRGhViY3B6G5kVxEFZQCjH55fKqWdB7Zhr8.mxl,./metadata/2/5642220.json,Piano,Solo,1
Mozart,Wolfgang Amadeus Mozart,KV 80 Piano,4.83,3,15571083/mxl/3/6/Qmd7Yxc9yCJrsVqgsRTPyfLjapnTvQ6XnXpKMGUDB8ZD7R.mxl,/Users/victor/JuFo2026/15571083/mxl/3/6/Qmd7Yxc9yCJrsVqgsRTPyfLjapnTvQ6XnXpKMGUDB8ZD7R.mxl,./metadata/3/53297.json,Piano (2),Piano Duo,2
Mozart,W.A. Mozart,W.A. Mozart - Minore in A minor K. 15k,4.83,3,15571083/mxl/4/12/QmeBuVqPpzPMfzif2cCpt7MZXo2YaYcUot4zrmNTn8F4JF.mxl,/Users/victor/JuFo2026/15571083/mxl/4/12/QmeBuVqPpzPMfzif2cCpt7MZXo2YaYcUot4zrmNTn8F4JF.mxl,./metadata/7/6219422.json,Piano,Solo,1
Mozart,Wolfgang Amadeus Mozart,Wolfgang Amadeus Mozart - Polonaise,4.83,3,15571083/mxl/13/3/QmV46nwkLq5hTefpZx1xYyNGKVc5b3C9j6JcGYjeYkfmTS.mxl,/Users/victor/JuFo2026/15571083/mxl/13/3/QmV46nwkLq5hTefpZx1xYyNGKVc5b3C9j6JcGYjeYkfmTS.mxl,./metadata/2/4970653.json,Piano (2),Piano Duo,2
Mozart,W. A. Mozart,W. A. Mozart Minuet in G Major K1e.,4.82,37,15571083/mxl/10/43/QmSSZAHjALT7zf8hpZpLFXaBHB9ytuBETs4QbhvYDFSAaa.mxl,/Users/victor/JuFo2026/15571083/mxl/10/43/QmSSZAHjALT7zf8hpZpLFXaBHB9ytuBETs4QbhvYDFSAaa.mxl,./metadata/5/5847376.json,Piano,Solo,1
Mozart,Wolfgang Amadeus Mozart 175691,Mozart Piano Sonata No. 10 in C major- 3rd Movement,4.82,14,15571083/mxl/11/10/QmTASjPmcHiPq3aLyHygoWKbwxCe9rXXDuhqiN4q6LmBCb.mxl,/Users/victor/JuFo2026/15571083/mxl/11/10/QmTASjPmcHiPq3aLyHygoWKbwxCe9rXXDuhqiN4q6LmBCb.mxl,./metadata/1/6320864.json,Piano,Solo,1
Mozart,Wolfgang Amadeus Mozart(1756-1791),Mozart - Sonata in Bb K 570 Movement I,4.82,14,15571083/mxl/11/1/QmT2Fednhnpvwp5DLd9xYTLnufWm4AT1Aqk5BVn4kZuoXs.mxl,/Users/victor/JuFo2026/15571083/mxl/11/1/QmT2Fednhnpvwp5DLd9xYTLnufWm4AT1Aqk5BVn4kZuoXs.mxl,./metadata/6/6110797.json,Piano,Solo,1
Mozart,W. A. Mozart,W. A. Mozart Allegro in Bâ Major K3.,4.79,7,15571083/mxl/7/23/QmPh9E2SVDigz7bhQx3CqCFNxD33a9G5uFVGWf2536dG7J.mxl,/Users/victor/JuFo2026/15571083/mxl/7/23/QmPh9E2SVDigz7bhQx3CqCFNxD33a9G5uFVGWf2536dG7J.mxl,./metadata/8/5930203.json,Piano,Solo,1
Mozart,Wolfgang Amedeus Mozart,Mozart Flute Quartet in D For Flute and Piano K285,4.79,7,15571083/mxl/8/25/QmQi6RkK5b4Nxi8sQM9SMBqRBB4yr4Sgy7Vg2EV2azMtLA.mxl,/Users/victor/JuFo2026/15571083/mxl/8/25/QmQi6RkK5b4Nxi8sQM9SMBqRBB4yr4Sgy7Vg2EV2azMtLA.mxl,./metadata/3/5971389.json,Piano,Solo,1
Mozart,W.A. Mozart,W.A. Mozart: Menuet,4.79,7,15571083/mxl/17/10/QmZAwpKVi1GH5jQTXkgiM2G6DtS5GsAoDB6WuJY6MpmLhy.mxl,/Users/victor/JuFo2026/15571083/mxl/17/10/QmZAwpKVi1GH5jQTXkgiM2G6DtS5GsAoDB6WuJY6MpmLhy.mxl,./metadata/0/2932906.json,Piano,Solo,1
Mozart,W. A. Mozart,Mozart - Minuet & Trio - K. 1,4.79,7,15571083/mxl/5/14/QmfCULDvejZyShSRANTgFLGt4TudSaWNcuAfbV89RhdFPP.mxl,/Users/victor/JuFo2026/15571083/mxl/5/14/QmfCULDvejZyShSRANTgFLGt4TudSaWNcuAfbV89RhdFPP.mxl,./metadata/5/309121.json,Piano,Solo,1
Mozart,Wolfgang Amadeus Mozart(1756-1791),Mozart: Minuet in F Major (K2) (easy),4.75,267,15571083/mxl/0/18/QmaENucP3iVPGGeUtgdj959VJEx116ke3SYH4X5s993nhN.mxl,/Users/victor/JuFo2026/15571083/mxl/0/18/QmaENucP3iVPGGeUtgdj959VJEx116ke3SYH4X5s993nhN.mxl,./metadata/7/58882.json,Piano,Solo,1
Mozart,Wolfgang Amadeus Mozart (1756-1791),Mozart - Lacrimosa (from the Requiem in D minor),4.74,486,15571083/mxl/2/18/QmcEUzb7QMJeTCwi57Q6nN4vT9UW6h66gMkLFW62VoDyuo.mxl,/Users/victor/JuFo2026/15571083/mxl/2/18/QmcEUzb7QMJeTCwi57Q6nN4vT9UW6h66gMkLFW62VoDyuo.mxl,./metadata/1/1913.json,Piano,Solo,1
Mozart,Mozart,Mozart Sonata No.8 KV.310 1st,4.74,69,15571083/mxl/16/28/QmYkwGqdPV2gFv7GS3Lv59K6pvwbH7tzEbp2uPFvzBzFzz.mxl,/Users/victor/JuFo2026/15571083/mxl/16/28/QmYkwGqdPV2gFv7GS3Lv59K6pvwbH7tzEbp2uPFvzBzFzz.mxl,./metadata/5/5979450.json,Piano,Solo,1
Mozart,Mozartarr. E Muirhead,Turkish March,4.72,8,15571083/mxl/9/13/QmRc72qvsdoJZcp9zVjKXy7qskvXtMCpxjhp59DreLwzv4.mxl,/Users/victor/JuFo2026/15571083/mxl/9/13/QmRc72qvsdoJZcp9zVjKXy7qskvXtMCpxjhp59DreLwzv4.mxl,./metadata/1/6007082.json,Piano,Solo,1
Mozart,W. A. Mozart,Török induló,4.71,4,15571083/mxl/7/39/QmPQMitaGzGvcaVjepEB42qdeo7ntvxkSt2Va2opYZrkU7.mxl,/Users/victor/JuFo2026/15571083/mxl/7/39/QmPQMitaGzGvcaVjepEB42qdeo7ntvxkSt2Va2opYZrkU7.mxl,./metadata/2/5301966.json,Piano,Solo,1
Mozart,Wolfgang Amadeus Mozart,Musikalisches Würfelspiel K.516f,4.66,6,15571083/mxl/13/22/QmVG74s7jJqPF6hpNVRL5cC1ZrTKHskVunsiYikJnKSj2j.mxl,/Users/victor/JuFo2026/15571083/mxl/13/22/QmVG74s7jJqPF6hpNVRL5cC1ZrTKHskVunsiYikJnKSj2j.mxl,./metadata/5/4054946.json,Piano,Solo,1
